Tabela de composicao em 100g de alimento;Energia (kcal);Proteina (g);Lipideos (g);Carboidratos (g);Calcio (mg);Ferro (mg);Retinol (mcg);Vitamina C (mg);Sodio  (mg);Restricao;Cod.
Abacate, cru;96.15;1.24;8.4;6.03;7.92;0.21;61.2;8.66;0;Liberado;0
Abacaxi, banana e cenoura, suco natural (nectar), c/ acucar refinado ;64;0.57;0.14;15.7;10.5;0.26;235;7.96;5.19;proibido para menores 3 anos;2
Abacaxi, banana e cenoura, suco natural (nectar), s/ acucar;28;0.61;0.15;6.59;11.3;0.28;261;8.82;4.43;Liberado;0
Abacaxi, cru;48.32;0.86;0.12;12.33;22.43;0.26;2.3;34.62;0;Liberado;0
Abacaxi, maracuja e caju, suco natural (nectar), c/ acucar refinado;70;0.55;0.23;16.7;9.47;0.33;22.3;53;14.5;proibido para menores 3 anos;2
Abacaxi, melao e maracuja, suco natural (nectar), c/ acucar refinado;63;0.59;0.2;15;7.74;0.29;21.6;15.6;9.17;proibido para menores 3 anos;2
Abacaxi, melao e maracuja, suco natural (nectar), s/ acucar;36;0.63;0.22;8.17;8.1;0.31;23.4;16.8;8.94;Liberado;0
Abacaxi, polpa, congelada;30.59;0.47;0.11;7.8;13.54;0.36;2;1.25;1.24;Liberado;0
Abacaxi, polpa, congelada ;34;0.47;0.12;7.8;13.6;0.36;2.26;1.25;1.24;Liberado;0
Abacaxi, suco natural (nectar), c/ acucar refinado;47;0.23;0.11;11.5;6.06;0.16;0.63;10.5;1.85;proibido para menores 3 anos;2
Abacaxi, suco natural (nectar), s/ acucar;18;0.24;0.12;3.99;6.31;0.17;0.69;11.4;0.98;Liberado;0
Abadejo, file, congelado, cru;59.11;13.08;0.36;0;10.17;0.11;0;0;78.52;Liberado;0
Abiu, cru;62.42;0.83;0.7;14.93;5.78;0.16;46;10.28;0;Liberado;0
Abobora, cabotian, crua;40;1.75;0.54;6.19;18;0.37;508;5.09;0;Liberado;0
Abobora, menina brasileira, crua ;13;0.61;0;2.17;8.74;0.15;1335;1.5;0;Liberado;0
Abobora, moranga, crua;15;1.12;0.13;1.44;3.05;0;353;9.65;0;Liberado;0
Abobora, pescoco, crua;24.47;0.67;0.12;6.12;8.81;0.28;0;2.09;0.75;Liberado;0
Abobrinha, italiana, crua;19.28;1.14;0.14;4.29;15.13;0.24;41;6.87;0;Liberado;0
Abobrinha, paulista, crua;30.81;0.64;0.14;7.87;18.67;0.17;0;17.55;0.5;Liberado;0
Acafrao;310;11.43;5.85;65.37;111;11.1;26.5;80.8;148;Liberado;0
Acai, polpa, com xarope de guarana e glucose;110;0.7;3.7;21.5;22;0.3;0;10.3;15;Proibido;3
Acai, polpa, congelada;58.05;0.8;3.94;6.21;35.18;0.43;29;0;5.18;Liberado;0
Acelga, crua;20.94;1.44;0.11;4.63;42.99;0.27;330;22.55;1.18;Liberado;0
Acerola, crua;33.46;0.91;0.21;7.97;12.55;0.22;60;941.37;0;Liberado;0
Acerola, polpa, congelada;21.94;0.59;0;5.54;7.59;0.17;173;623.24;1.28;Liberado;0
Acerola, suco natural (nectar), c/ acucar refinado;26;0.16;0.08;6.33;7.53;0.01;40.3;302;0.75;proibido para menores 3 anos;2
Acerola, suco natural (nectar), s/ acucar ;7;0.16;0.09;1.45;7.74;0;42.4;317;0.14;Liberado;0
Achocolatado em po diet;337.7;29.42;2.39;55.3;664.18;2.2;4.63;2.22;978.44;Liberado;0
Achocolatado, po;401.02;4.2;2.17;91.18;44.4;5.36;795.85;0;65;proibido para menores 3 anos;2
Acucar, cristal;386.85;0.32;0;99.61;7.59;0.16;0;0;0;Liberado;0
Acucar, mascavo;368.55;0.76;0.09;94.45;126.53;8.3;0;0;25;Liberado;0
Acucar, refinado;386.57;0.32;0;99.54;3.5;0.11;0;0;12;Liberado;0
Adocante artificial;0;0;0;0;0;0;0;0;240;Liberado;0
Agriao, cru;16.58;2.69;0.24;2.25;132.53;3.11;422;60.1;7.46;Liberado;0
agua de coco;19.28;0.73;0.2;3.76;24.35;0.29;0;2.44;106.52;Liberado;0
Aipo, cru;19.09;0.76;0.07;4.27;65.22;0.72;914;5.88;9.52;Liberado;0
Alface, americana, crua;8.79;0.61;0.13;1.75;14.44;0.27;0;10.96;7.31;Liberado;0
Alface, crespa, crua;10.68;1.35;0.16;1.7;37.98;0.4;233;15.58;3.38;Liberado;0
Alface, lisa, crua;13.82;1.69;0.12;2.43;27.51;0.61;217;21.39;4.23;Liberado;0
Alface, roxa, crua;12.72;0.91;0.19;2.49;33.83;2.48;312;13.47;7.12;Liberado;0
Alfavaca, crua;29.18;2.66;0.48;5.24;258.5;1.26;0;0;4.55;Liberado;0
Alho, cru;113.13;7.01;0.22;23.91;13.56;0.8;0;0;5.36;Liberado;0
Alho-poro, cru;31.51;1.41;0.14;6.88;33.62;0.64;16;14.15;1.76;Liberado;0
Almeirao, cru;18.03;1.77;0.22;3.34;19.5;0.74;567;1.69;2.35;Liberado;0
Almondega ao molho em conserva;203.52;16.16;10.72;9.7;56.75;2.16;20.41;2.14;246.54;proibido para menores 3 anos;2
Almondega ao molho em conserva;203.52;16.16;10.72;9.7;56.75;2.16;20.41;2.14;246.54;proibido para menores 3 anos;2
Almondega, frango, crua;202;12.8;13.6;7.09;7.99;1.1;0;0;780;Liberado;0
Ameixa, calda, enlatada ;182.85;0.41;0;46.89;13.15;2.15;0;4.27;2.7;proibido para menores 3 anos;2
Ameixa, crua;52.54;0.77;0;13.85;5.72;0.1;30;7.63;0;Liberado;0
Ameixa, em calda, enlatada, drenada ;177.36;1.03;0.28;47.66;39.24;2.7;0;5.15;2.79;proibido para menores 3 anos;2
Amendoa, torrada, salgada;580.75;18.55;47.32;29.55;236.7;3.06;0;0;279;Liberado;0
Amendoim, grao, cru;544.05;27.19;43.85;20.31;0;2.53;0;0;0;Liberado;0
Amendoim, torrado, salgado;606;22.5;54;18.7;39;1.3;0;0;376;Liberado;0
Apresuntado;128.86;13.45;6.69;2.86;22.58;0.88;0;0;943;proibido para menores 3 anos;2
Araca;68;2.55;-0.95;5.4;18;0.26;31.17;228.3;2;Liberado;0
Arroz, farelo;324;14.2;19.3;35.6;57.7;18.8;0;0;5.07;Liberado;0
Arroz, integral, cru;359.68;7.32;1.86;77.45;7.82;0.95;0;0;1.65;Liberado;0
Arroz, tipo 1, cru;357.79;7.16;0.34;78.76;4.41;0.68;0;0;1.02;Liberado;0
Arroz, tipo 2, cru;358.12;7.24;0.28;78.88;4.83;0.6;0;0;0.57;Liberado;0
Aspargo, cru;22;2.2;0.12;3.88;24;2.14;58.3;5.6;2;Liberado;0
Atemoia, crua;96.97;0.97;0.3;25.33;22.77;0.16;0;10.15;0.79;Liberado;0
Atum, conserva em oleo;165.91;26.19;6;0;6.52;1.23;5;0;362.15;Limitado;1
Atum, fresco, cru;117.5;25.68;0.87;0;6.69;1.27;20;0;30.3;Liberado;0
Aveia, flocos, crua;393.82;13.92;8.5;66.64;47.89;4.45;0;1.35;4.63;Liberado;0
Azeite, de dende;884;0;100;0;0;0;0;0;0;Liberado;0
Azeite, de oliva, extra virgem;884;0;100;0;0;0;0;0;0;Liberado;0
Azeitona, preta, conserva;194.15;1.16;20.35;5.54;58.75;5.45;40.3;0;1567;Limitado;1
Azeitona, verde, conserva;136.94;0.95;14.22;4.1;45.64;0.18;30;0;1347;Limitado;1
Bacalhau, salgado, cru;135.89;29.04;1.32;0;156.97;0.85;0;0;13585.06;Liberado;0
Bacuri;105;1.9;2;22.8;20;2.2;30;33;2.2;Liberado;0
Banana, da terra, crua;128.02;1.43;0.24;33.67;4.15;0.29;239;15.75;0;Liberado;0
Banana, doce em barra;280.11;2.17;0.05;75.67;11.95;0.61;27;0;9.88;proibido para menores 3 anos;2
Banana, figo, crua;105.08;1.13;0.14;27.8;6.36;0.2;0;17.5;0;Liberado;0
Banana, maca, crua;86.81;1.75;0.06;22.34;3.22;0.2;6;10.47;0;Liberado;0
Banana, nanica, crua;91.53;1.4;0.12;23.85;3.42;0.35;14;5.86;0;Liberado;0
Banana, ouro, crua;112.37;1.48;0.21;29.34;3.19;0.34;50;7.56;0;Liberado;0
Banana, pacova, crua;77.91;1.23;0.08;20.31;5.49;0.37;0;0;0.94;Liberado;0
Banana, prata, crua;98.25;1.27;0.07;25.96;7.56;0.38;32;21.59;0;Liberado;0
Banha suina;902;0;100;0;0;0;0;0;0;Liberado;0
Barra de cereais;352.92;3.17;8.55;69.44;540.54;4.86;607.36;0.1;284.16;Proibido;3
Barra de cereais doce;352.92;3.17;8.55;69.44;540.54;4.86;607.36;0.1;284.16;Proibido;3
Barra de cereais salgada;352.92;3.17;8.55;69.44;540.54;4.86;607.36;0.1;284.16;Proibido;3
Batata palha;545.7;5.24;35.24;54.52;26.55;0.72;0;23.59;701.61;proibido para menores 3 anos;2
Batata, baroa, crua;100.98;1.05;0.17;23.98;17.13;0.3;25;7.55;0;Liberado;0
Batata, doce, crua;118.24;1.26;0.13;28.2;21.11;0.39;3637;16.48;8.77;Liberado;0
Batata, inglesa, crua;64.37;1.77;0;14.69;3.55;0.36;0;31.08;0;Liberado;0
Bebida Isotonica, sabores variados;26;0;0;6.4;1;0.7;0;0;44;Proibido;3
Bebida lactea;91.13;2.78;1.15;18.03;97.17;0.06;10.1;0.89;36.45;proibido para menores 3 anos;2
Bebida lactea (media de diferentes sabores);68;3.01;1.68;10.2;88.7;0;156;2.06;46.3;proibido para menores 3 anos;2
Bebida lactea, pessego;55.16;2.13;1.91;7.57;88.63;0;0;2.05;46;proibido para menores 3 anos;2
Berinjela, crua;19.63;1.22;0.1;4.43;9.22;0.25;24;3.01;0;Liberado;0
Beterraba, crua;48.83;1.95;0.09;11.11;18.11;0.32;3.8;3.12;9.72;Liberado;0
Biscoito de polvilho ;436.72;4.46;29.08;38.37;18.28;0.57;37584;0;536.68;Limitado;1
Biscoito de polvilho doce;438;1.3;12.2;80.5;30;1.8;0;0;98;Limitado;1
Biscoito recheado;472;6.4;19.6;70.5;27;2.3;0;0;239;Proibido;3
Biscoito salgado;432;10.1;14.4;68.7;20;2.2;0;0;854;Limitado;1
Biscoito, doce, maisena;442.82;8.07;11.97;75.23;54.45;1.76;0;6.22;352.03;proibido para menores 3 anos;2
Biscoito, doce, recheado com chocolate;471.82;6.4;19.58;70.55;27.23;2.27;0;3.53;239.2;Proibido;3
Biscoito, doce, recheado com morango;471.17;5.72;19.57;71.01;35.78;1.48;0;0;229.82;Proibido;3
Biscoito, doce, wafer, recheado de chocolate;502.46;5.56;24.67;67.54;23.34;2.44;0;0;137.24;Proibido;3
Biscoito, doce, wafer, recheado de morango;513.45;4.52;26.4;67.35;13.71;1.09;0;0;119.9;Proibido;3
Biscoito, salgado, cream cracker;431.73;10.06;14.44;68.73;20;2.2;0;0;854.36;proibido para menores 3 anos;2
Bisteca bovina (crua);471;21.57;41.98;0;12;2.31;0;0;50;Liberado;0
Bolo, industrializado (media diferentes sabores);420;6.49;19.6;54.5;116;3.6;1.23;1.9;332;Proibido;3
Bolo, mistura para;419;6.2;6.1;84.7;59;1.2;0;0;463;Proibido;3
Brocolis, cru;25.5;3.64;0.27;4.03;85.87;0.61;324;34.28;3.33;Liberado;0
Broto de alfafa;23;3.99;0.69;2.1;32;0.96;15.15;8.2;6;Liberado;0
Butia;105;1.9;2;22.8;20;2.2;30;33;0;Liberado;0
Cacao, posta, crua;83.33;17.85;0.79;0;8.7;0.2;6;0;176.02;Liberado;0
Cacau, cru;74.29;0.95;0.14;19.41;12.1;0.26;0;13.56;0.7;Liberado;0
Cafe;1;0.12;0.2;0.47;2;0.01;0;0;2;Liberado;0
Cafe soluvel capuccino ;27.75;0.26;0.84;5.17;4.05;0.03;0;0;50.1;Liberado;0
Cafe, po, torrado;430;14.7;12;65.8;107;8.14;0;0;1.14;Liberado;0
Caja, polpa, congelada;26.33;0.59;0.17;6.37;9.16;0.32;107;0;6.95;Liberado;0
Caja, polpa, congelada ;27;0.59;0.17;6.38;9.17;0.33;107;0;6.95;Liberado;0
Caja-Manga, cru;45.58;1.28;0;11.43;12.74;0.15;0;26.7;1.44;Liberado;0
Caju, cru;43.07;0.97;0.33;10.29;1.42;0.15;40;219.33;2.97;Liberado;0
Caju, polpa, congelada;36.57;0.48;0.15;9.35;0.84;0.15;21;119.72;4.16;Liberado;0
Caju, polpa, congelado;40;0.49;0.16;9.36;0.84;0.15;21;119;4.17;Liberado;0
Caju, suco concentrado, envasado;45.11;0.4;0.2;10.73;0.98;0.15;11;138.7;45.04;Liberado;0
Cajuina;45;0.8;0;11.5;0;0;0;0;15;Liberado;0
Caldo de carne, tablete;241;7.8;16.6;15.1;129;0;0;0;22180;Proibido;3
Caldo de galinha, tablete;251;6.3;20.4;10.6;16;0.7;0;0;22300;Proibido;3
Camarao, Rio Grande, grande, cozido;90.01;18.97;1;0;89.74;1.28;0;0;366.55;Liberado;0
Camarao, Rio Grande, grande, cru;47.18;9.99;0.5;0;51.12;0.67;20;0;201.13;Liberado;0
Camarao, Sete Barbas, sem cabeca, com casca, frito;231.25;18.39;15.62;2.88;959.7;2.44;0;0;99.06;Liberado;0
Cana-de-acucar;73.58;0;0.05;19.97;5.6;0;0;0;18.34;Liberado;0
Canela em po;261;3.89;3.19;79.8;0.23;38.2;26;28.5;26.3;Liberado;0
Canjica, branca, crua;357.6;7.2;0.97;78.06;1.96;0.32;23438;0;0.79;Liberado;0
Caqui, chocolate, cru;71.35;0.36;0.07;19.33;17.85;0.1;0;29.61;2.18;Liberado;0
Cara, cru;95.63;2.28;0.14;22.95;3.91;0.21;0;8.79;0;Liberado;0
Carambola, crua;45.74;0.87;0.18;11.48;4.79;0.2;49;60.87;4.09;Liberado;0
Caranguejo, cozido;82.72;18.48;0.42;0;357.15;2.86;0;0;360.11;Liberado;0
Carne de bode/caprino;143;27.1;3.03;0;17;3.73;0;0;86;Liberado;0
Carne de caprino;143;27.1;3.03;0;17;3.73;0;0;86;Liberado;0
Carne de ovelha;204;28.35;9.17;0;8;2.2;0;0;71;Liberado;0
Carne de pato;201;26.14;9.97;0;13;0.98;29;0;63;Liberado;0
Carne de sol;313;26.9;21.9;0;13;1.9;0;0;1943;Liberado;0
Carne moida;214;26.62;11.1;0;13;2.89;0;0;61;Liberado;0
Carne, avestruz, crua (media de diferentes cortes);141;30.1;2.01;0.71;5.27;12.3;0;0;101;Liberado;0
Carne, bovina, acem, moido, cru;136.56;19.42;5.95;0;2.61;1.76;2.32;0;49;Liberado;0
Carne, bovina, acem, sem gordura, cru;144.03;20.82;6.11;0;4.72;1.51;2;0;50;Liberado;0
Carne, bovina, almondegas, cruas;189;12.3;11.2;9.8;22;1.6;0;0;621;Liberado;0
Carne, bovina, bucho, cru;137.3;20.53;5.5;0;9.07;0.47;0;0;45;Liberado;0
Carne, bovina, capa de contra-file, com gordura, crua;216.91;19.2;14.96;0;5.86;1.51;4;0;58;Liberado;0
Carne, bovina, capa de contra-file, sem gordura, crua;131.06;21.54;4.33;0;6.5;2.04;0;0;79;Liberado;0
Carne, bovina, charque, cru;248.86;22.71;16.84;0;15.18;1.53;0;0;5875;Liberado;0
Carne, bovina, contra-file de costela, cru;202.44;19.8;13.07;0;3.16;1.56;3;0;39;Liberado;0
Carne, bovina, contra-file, com gordura, cru;205.86;21.15;12.81;0;3.67;1.31;4;0;44;Liberado;0
Carne, bovina, contra-file, sem gordura, cru;156.62;24;6;0;4.2;1.68;0;0;53;Liberado;0
Carne, bovina, costela, crua;357.72;16.71;31.75;0;0;1.2;5;0;70;Liberado;0
Carne, bovina, coxao duro, sem gordura, cru;147.97;21.51;6.22;0;2.95;1.89;2;0;49;Liberado;0
Carne, bovina, coxao mole, sem gordura, cru;169.07;21.23;8.69;0;2.99;1.89;3;0;61;Liberado;0
Carne, bovina, cupim, cru;221.4;19.54;15.3;0;3.57;1.13;3;0;47;Liberado;0
Carne, bovina, figado, cru;141.05;20.71;5.36;1.11;4.16;5.63;7936.7;0;76;Liberado;0
Carne, bovina, file mingnon, sem gordura, cru;142.86;21.6;5.61;0;2.93;1.92;4;0;49;Liberado;0
Carne, bovina, flanco, sem gordura, cru;141.46;20;6.22;0;2.81;1.58;2;0;54;Liberado;0
Carne, bovina, fraldinha, com gordura, crua;220.72;17.58;16.15;0;3.11;1.54;5;0;51;Liberado;0
Carne, bovina, lagarto, cru;134.86;20.54;5.23;0;2.59;1.32;2;0;54;Liberado;0
Carne, bovina, lingua, crua;215.25;17.09;15.77;0;5.04;1.7;0;0;73;Liberado;0
Carne, bovina, maminha, crua;152.77;20.93;7.03;0;2.83;1.15;3;0;37;Liberado;0
Carne, bovina, miolo de alcatra, sem gordura, cru;162.87;21.61;7.83;0;3.19;1.97;4;0;43;Liberado;0
Carne, bovina, musculo, sem gordura, cru;141.58;21.56;5.49;0;3.64;1.86;2;0;66;Liberado;0
Carne, bovina, paleta, com gordura, crua;158.71;21.41;7.46;0;4.36;1.76;0;0;65;Liberado;0
Carne, bovina, paleta, sem gordura, crua;140.94;21.03;5.67;0;3.62;1.93;3;0;66;Liberado;0
Carne, bovina, patinho, sem gordura, cru;133.47;21.72;4.51;0;3.3;1.78;2;0;49;Liberado;0
Carne, bovina, peito, sem gordura, cru;259.28;17.56;20.43;0;3.94;1.31;4;0;64;Liberado;0
Carne, bovina, picanha, com gordura, crua;212.88;18.82;14.69;0;2.42;1.71;3;0;38;Liberado;0
Carne, bovina, picanha, sem gordura, crua;133.52;21.25;4.74;0;3.39;2.13;0;0;61;Liberado;0
Carne, bovina, seca, crua;312.75;19.66;25.37;0;14.11;1.33;0;0;4440;Liberado;0
Carne, frango, caipira, inteiro, c/ pele, cozida, Gallus gallus;237;23.9;15.7;0.02;16.8;1.66;16.2;1.83;56.1;Liberado;0
Carne, frango, caipira, inteiro, s/ pele, cozida, Gallus gallus ;189;29.6;7.71;0.22;66.2;2.12;6.06;0.91;53.3;Liberado;0
Caruru, cru;34.03;3.2;0.59;5.97;455.3;4.46;1939;5.36;13.67;Liberado;0
Castanha-de-caju, torrada, salgada;570.17;18.51;46.28;29.13;32.59;5.22;0;0;125;Liberado;0
Castanha-do-Brasil, crua;642.96;14.54;63.46;15.08;146.34;2.31;0;0;1;Liberado;0
Catalonha, crua;23.89;1.87;0.28;4.75;56.8;3.08;0;7.33;9.39;Liberado;0
Catchup, tomate, molho;129;1.74;0.31;29.9;18;0.51;101.6;15.1;1114;Proibido;3
Cebola, crua;39.42;1.71;0.08;8.85;14;0.2;0;4.67;0.6;Liberado;0
Cebolinha, crua;19.52;1.87;0.35;3.37;79.85;0.65;279;31.78;1.6;Liberado;0
Cenoura, crua;30;1.12;0.21;4.56;21.4;0.47;740;5.12;11.1;Liberado;0
Cereais, milho, flocos, com sal;369.6;7.29;1.6;80.84;1.81;0.52;0;0;271.74;Liberado;0
Cereais, milho, flocos, sem sal;363.34;6.88;1.18;80.45;1.97;1.69;0;0;30.97;Liberado;0
Cereais, mingau, milho, infantil;394.43;6.43;1.09;87.27;218.81;3.03;21.42;109.37;399.4;Proibido;3
Cereais, mistura p/ mingau, (media diferentes sabores);371;5.19;1.31;86.1;413;15.5;0.3;54.8;543;Proibido;3
Cereais, mistura para vitamina, trigo, cevada e aveia;381.13;8.9;2.12;81.62;584.25;12.64;0;13.11;1163.26;Proibido;3
Cereal matinal, milho;365.35;7.16;0.96;83.82;142.92;3.05;36;17.29;654.54;Liberado;0
Cereal matinal, milho, acucar;376.56;4.74;0.67;88.84;56.42;3.9;31;14.55;405.31;Proibido;3
Cha (preto, camomila, erva-cidreira, capim-limao, etc.);1;0;0;0.3;0;0.02;0;0;3;Liberado;0
Cha mate organico;2.8;0.25;0;2.31;4.7;0.15;0;0.16;0.27;Liberado;0
Chambaril;242;24.22;15.42;0;8;2.81;0;0;67;Liberado;0
Chantilly;276.39;2.93;24.57;12.36;55.66;0.03;217.56;0.48;45.52;proibido para menores 3 anos;2
Cheiro verde (50% cebolinha verde, 50% salsa), cru;34;2.79;0.43;5.85;166;2.43;0;50.1;2.33;Liberado;0
Chicoria, crua;13.84;1.14;0.14;2.85;44.83;0.45;0;6.54;13.52;Liberado;0
Chips (salgadinho);558.86;5.08;35.25;55.41;2.47;3.05;7.5;0;601.77;Proibido;3
Chocolate em po de qualquer marca;364.24;2.83;3.55;85.53;149.79;0.78;1.08;0.14;350.14;proibido para menores 3 anos;2
Chocolate, ao leite;539.59;7.22;30.27;59.58;191.19;1.58;0;0;77;Proibido;3
Chocolate, ao leite, com castanha do Para;558.88;7.41;34.19;55.38;171.23;1.47;36.15;1.42;64;Proibido;3
Chocolate, ao leite, dietetico;556.82;6.9;33.77;56.32;187.89;3.31;7.04;2.05;85;Proibido;3
Chocolate, meio amargo;474.92;4.86;29.86;62.42;44.67;3.61;0;2.1;9;Proibido;3
Chuchu, cru;16.98;0.7;0.06;4.14;11.51;0.17;0;10.61;0;Liberado;0
Ciriguela, crua;75.59;1.4;0.36;18.86;27.41;0.36;0.01;27.03;1.68;Liberado;0
Cocada branca;448.85;1.12;13.59;81.38;7.06;1.24;0;0;29;proibido para menores 3 anos;2
Coco fresco ralado;354;3.34;33.5;15.2;14;2.44;0;3.31;20;Liberado;0
Coco seco ralado;660;6.89;64.5;24.4;26;3.33;0;1.51;37;Liberado;0
Coco, cru;406.49;3.69;41.98;10.4;6.48;1.76;0;2.49;15;Liberado;0
Coentro;279;21.93;4.78;52.1;1246;42.46;917;566.7;211;Liberado;0
Coentro, folhas desidratadas;309.07;20.88;10.39;47.96;783.81;81.43;0;40.77;18.26;Liberado;0
Cogumelo/champignon em conserva;50.74;1.87;3.2;5.09;11;0.79;0;0;425;Limitado;1
Corimba, cru;128.16;17.37;5.99;0;40.05;0.5;0;0;47.01;Liberado;0
Corvina de agua doce, crua;101.01;18.92;2.24;0;39.43;0.26;8;0;45.09;Liberado;0
Corvina do mar, crua;94;18.57;1.58;0;0;0.38;65;0;67.97;Liberado;0
Couve, manteiga, crua;27.06;2.87;0.55;4.33;130.87;0.45;583;96.68;6.17;Liberado;0
Couve-flor, crua;22.56;1.91;0.21;4.52;17.82;0.53;2;36.05;3.44;Liberado;0
Creme de arroz, po;386;7.03;1.23;83.87;7.09;0.63;0;0;1.03;Proibido;3
Creme de Leite;221.48;1.51;22.48;4.51;82.73;0.3;127.67;0;52;Liberado;0
Creme de milho, po;333.03;4.82;1.64;86.15;323.16;4.26;0;96.34;593.79;Proibido;3
Cupuacu, cru;49.42;1.16;0.95;10.43;13.12;0.49;30;24.51;3.2;Liberado;0
Cupuacu, polpa, congelada;48.8;0.84;0.59;11.39;5.49;0.26;0;10.49;0.69;Liberado;0
Cupuacu, polpa, congelada;52;0.85;0.6;11.4;5.5;0.26;0;10.5;0.69;Liberado;0
Curau, milho verde, mistura para;402;2.2;13.4;79.8;31;0.9;0;0;223;Proibido;3
Doce de frutas cristalizado de qualquer sabor;291.3;0.77;0.29;74.28;6.1;0.09;1;68.49;0.6;proibido para menores 3 anos;2
Doce de frutas em calda de qualquer sabor;77;0.54;0.14;19.79;3;0.27;38.17;2.8;6;proibido para menores 3 anos;2
Doce de frutas em pasta de qualquer sabor;291.3;0.77;0.29;74.28;6.1;0.09;9.35;68.49;0.6;proibido para menores 3 anos;2
Doce, de abobora, cremoso;198.94;0.92;0.21;54.61;12.99;0.85;6;0.11;0;proibido para menores 3 anos;2
Doce, de leite, cremoso;306.31;5.48;5.99;59.49;195.1;0.07;36;0;120;proibido para menores 3 anos;2
Doce, de leite, cremoso;306;5.5;6;59.5;195;0.1;36;0;120;proibido para menores 3 anos;2
Doce, leite, cremoso, (media diferentes amostras);317;6.12;6.26;58.9;196;0.07;0;0;121;proibido para menores 3 anos;2
Dourada de agua doce, fresca;131.21;18.81;5.64;0;12.13;0.15;0;0;40.3;Liberado;0
Ervilha em grao;109.09;5.36;3.06;15.63;27;1.54;40.08;14.2;3;Liberado;0
Ervilha, em vagem;88.09;7.45;0.47;14.23;24.44;1.44;0;12.44;0;Liberado;0
Ervilha, enlatada, drenada;73.84;4.6;0.38;13.44;22.22;1.39;9;0;372;Limitado;1
Espinafre, Nova Zelandia, cru;16.1;2;0.24;2.57;97.51;0.36;281;2.42;17.09;Liberado;0
Farinha de tapioca/beiju;331;0.5;0.3;81.1;12;0.1;0;0;2;Liberado;0
Farinha, de arroz, enriquecida;363.06;1.27;0.3;85.5;1.12;31.38;0;173.59;17.1;Liberado;0
Farinha, de centeio, integral;335.78;12.52;1.75;73.3;33.92;4.73;0;0;41.38;Liberado;0
Farinha, de mandioca, crua;360.87;1.55;0.28;87.9;64.87;1.09;0;0;1.02;Liberado;0
Farinha, de mandioca, torrada;365.27;1.23;0.29;89.19;75.53;1.19;0;0;10.31;Liberado;0
Farinha, de mesocarpo de babacu, crua;328.77;1.41;0.2;79.17;60.95;18.33;0;0;12;Liberado;0
Farinha, de milho, amarela;350.59;7.19;1.47;79.08;1.29;2.25;47;0;44.93;Liberado;0
Farinha, de puba;360.18;1.62;0.47;87.29;41.4;1.43;0;0;3.61;Liberado;0
Farinha, de rosca;370.58;11.38;1.46;75.79;35.3;6.73;0.01;0;332.5;Liberado;0
Farinha, de trigo;360.47;9.79;1.37;75.09;17.86;0.95;0;0;0.74;Liberado;0
Farinha, lactea, de cereais;414.85;11.88;5.79;77.77;196.06;8.72;492.25;24.31;125.07;Proibido;3
Farofa pronta;406;2.1;9.1;80.3;66;1.4;0;0;575;Proibido;3
Fava (em grao);85.62;4.8;3.17;10.1;18;1.5;18.83;19.8;41;Liberado;0
Fecula, de mandioca;330.85;0.52;0.28;81.15;11.89;0.11;0;0;2.45;Liberado;0
Feijao (preto, mulatinho, roxo, rosinha, etc.);97.41;5.84;1.79;15.05;55.2;2.22;0;0;5.2;Liberado;0
Feijao, broto, cru;38.72;4.17;0.1;7.76;14.48;0.82;0.08;12;1.79;Liberado;0
Feijao, carioca, cru;329.03;19.98;1.26;61.22;122.57;7.99;0;0;0;Liberado;0
Feijao, fradinho, cru;339.16;20.21;2.37;61.24;77.52;5.13;0;0;10;Liberado;0
Feijao, jalo, cru;327.91;20.1;0.95;61.48;97.97;7.03;0;0;25;Liberado;0
Feijao, preto, cru;323.57;21.34;1.24;58.75;110.9;6.46;0;0;0;Liberado;0
Feijao, rajado, cru;325.84;17.27;1.17;62.93;111.43;18.58;0;0;14;Liberado;0
Feijao, rosinha, cru;336.96;20.92;1.33;62.22;67.66;5.32;0;0;24;Liberado;0
Feijao, roxo, cru;331.41;22.17;1.24;59.99;120.46;6.92;0;0;10;Liberado;0
Feijao-verde;121.33;3.17;3.13;20.32;128;1.12;39.58;2.2;4;Liberado;0
Fermento em po, quimico;89.72;0.48;0.07;43.91;0;0;0;0;10052;Liberado;0
Fermento, biologico, levedura, tablete;89.79;16.96;1.52;7.7;18.01;2.62;0;0;40;Liberado;0
Fibra de trigo;216;15.55;4.25;64.51;73;10.57;0.5;0;2;Liberado;0
Figo, cru;41.45;0.97;0.16;10.25;27.39;0.2;14;0.79;0;Liberado;0
Figo, enlatado, em calda;184.36;0.56;0.15;50.34;32.62;0.5;0;5.24;6.87;proibido para menores 3 anos;2
File de frango;173;30.91;4.51;0;15;1.06;9;0;77;Liberado;0
Frango, asa, com pele, crua;213.19;18.1;15.07;0;10.92;0.57;10.37;0;96;Liberado;0
Frango, coracao, cru;221.5;12.58;18.6;0;5.51;4.09;9;0;95;Liberado;0
Frango, coxa, com pele, crua;161.47;17.09;9.81;0;8;0.7;10;0;95;Liberado;0
Frango, coxa, sem pele, crua;119.95;17.81;4.86;0.02;7.97;0.78;11.66;0;98;Liberado;0
Frango, figado, cru;106.48;17.59;3.49;-0.02;5.61;9.54;3863;0;82;Liberado;0
Frango, inteiro, com pele, cru;226.32;16.44;17.31;0;6.3;0.62;7;0;63;Liberado;0
Frango, inteiro, sem pele, cru;129.1;20.59;4.57;0;6.52;0.54;4;0;73;Liberado;0
Frango, peito, com pele, cru;149.47;20.78;6.73;0;8.42;0.44;4;0;62;Liberado;0
Frango, peito, sem pele, cru;119.16;21.53;3.02;0;7.36;0.43;2;0;56;Liberado;0
Frango, sobrecoxa, com pele, crua;254.53;15.46;20.9;0;7.09;0.71;7;0;68;Liberado;0
Frango, sobrecoxa, sem pele, crua;161.8;17.57;9.62;0;6.29;0.9;4;0;80;Liberado;0
Fruta-pao, crua;67.05;1.08;0.19;17.17;33.68;0.23;2;9.87;0.8;Liberado;0
Gelatina, po p/, diet (media diferentes sabores);341;57.2;0.24;28.8;1.98;0.02;0;0;157;Proibido;3
Gelatina, sabores variados, po;380.22;8.89;0;89.22;26.84;0.33;0;40;235;Proibido;3
Geleia de frutas, diversos sabores;278;0.37;0.07;68.86;20;0.49;0;8.8;32;proibido para menores 3 anos;2
Geleia, mocoto, natural;106.09;2.13;0.07;24.23;3.52;0.12;0;0;43;proibido para menores 3 anos;2
Geleias, (media diferentes amostras) ;266;0.35;0.31;66.6;6.72;0.19;0;0.87;28.8;proibido para menores 3 anos;2
Gergelim, semente;583.55;21.16;50.43;21.62;825.45;5.45;0.09;0;3;Liberado;0
Glicose de milho;292.12;0;0;79.38;5.67;0.05;0;0;59;Proibido;3
Goiaba, branca, com casca, crua;51.74;0.9;0.49;12.4;5.01;0.17;0;99.2;0;Liberado;0
Goiaba, doce em pasta;268.96;0.58;0;74.12;10.06;0.4;136;23.06;3.7;proibido para menores 3 anos;2
Goiaba, doce, cascao;285.59;0.41;0.1;78.7;14.7;0.4;50;34.33;11.03;proibido para menores 3 anos;2
Goiaba, vermelha, com casca, crua;54.17;1.09;0.44;13.01;4.45;0.17;79;80.6;0;Liberado;0
Goiaba, vermelha, suco natural (nectar), c/ acucar refinado;65;0.63;0.37;16.7;5.08;0.14;77.2;59.6;0.96;proibido para menores 3 anos;2
Goiaba, vermelha, suco natural (nectar), s/ acucar;37;0.67;0.4;9.64;5.21;0.14;83.8;64.7;0;Liberado;0
Gordura, vegetal, hidrogenada;900;0;100;0;0;0;0;0.24;0;Proibido;3
Grao-de-bico, cru;354.7;21.23;5.43;57.88;114.36;5.38;6.7;0;5;Liberado;0
Graviola, crua;61.62;0.85;0.21;15.84;40.12;0.17;0.2;19.14;4.16;Liberado;0
Graviola, polpa, congelada;38.27;0.57;0.14;9.78;5.98;0.1;0;10.48;3.05;Liberado;0
Graviola, polpa, congelada ;41;0.57;0.14;9.79;5.98;0.11;0;10.5;3.05;Liberado;0
Guandu, cru;344.13;18.96;2.13;64;129.34;1.94;0;1.47;2;Liberado;0
Hamburguer, bovino, cru;214.84;13.16;16.18;4.15;34.06;1.89;0;0;869;proibido para menores 3 anos;2
Hortela ;1;0;0;0.2;2;0.08;0;0;1;Liberado;0
Inhame, cru;96.7;2.05;0.21;23.23;11.8;0.36;0;5.62;0;Liberado;0
Iogurte de qualquer sabor ;98.69;3.46;3.47;14.62;120.93;0.09;29.65;4.15;44.78;proibido para menores 3 anos;2
Iogurte de qualquer sabor light;102;4.37;1.08;19.05;152;0.07;10;0.7;58;proibido para menores 3 anos;2
Iogurte desnatado;56;5.73;0.18;7.68;199;0.09;2;0.9;77;Liberado;0
Iogurte natural;61;3.47;3.25;4.66;121;0.05;27;0.5;46;Liberado;0
Iogurte, integral (media de diferentes sabores);68;3;1.63;10.3;93.6;0.38;0;0;45.4;Liberado;0
Iogurte, integral, coco;68;3;1.63;10.3;92.2;0.28;0;0;43;proibido para menores 3 anos;2
Iogurte, natural;51.49;4.06;3.04;1.92;143.1;0;22.5;0.93;52;Liberado;0
Iogurte, natural, desnatado;41.49;3.83;0.32;5.77;156.96;0;16;0.35;60;Liberado;0
Iogurte, sabor abacaxi;0;0;0;0;0;0;0;0;0;proibido para menores 3 anos;2
Iogurte, sabor morango;69.57;2.71;2.33;9.69;101.03;0;27.03;0;38;proibido para menores 3 anos;2
Iogurte, sabor pessego;67.85;2.53;2.34;9.43;95.05;0.05;21.28;0;37;proibido para menores 3 anos;2
Iogurte, soja (media de diferentes amostras);50;2.82;0.59;8.24;707;4.61;0;0;205;proibido para menores 3 anos;2
Jabuticaba, crua;58.05;0.61;0.13;15.26;8.35;0.09;0;16.17;0;Liberado;0
Jaca, crua;87.92;1.4;0.27;22.5;11.25;0.38;29.7;14.82;1.8;Liberado;0
Jambo, cru;26.91;0.89;0.07;6.49;13.8;0.14;25;3.77;21.66;Liberado;0
Jamelao, cru;41.01;0.55;0.11;10.63;3.09;0.05;8;27.07;1.37;Liberado;0
Jenipapo;113;5.2;0.3;25.7;40;3.6;30;33;0;Liberado;0
Jilo, cru;27.37;1.4;0.22;6.19;19.97;0.34;13;6.79;0;Liberado;0
Jurubeba, crua;125.81;4.41;3.91;23.06;151.02;0.95;0;13.83;0.77;Liberado;0
Kiwi, cru;51.14;1.34;0.63;11.5;23.91;0.25;5;70.78;0;Liberado;0
Lambari, congelado, cru;130.84;16.81;6.55;0;1181.28;0.91;4.31;0;47.92;Liberado;0
Lambari, fresco, cru;151.6;15.65;9.4;0;590.27;0.63;0;0;41.11;Liberado;0
Laranja e acerola, suco natural (nectar), c/ acucar refinado;55;0.58;0.09;13;8.51;0.01;19.2;182;0.95;proibido para menores 3 anos;2
Laranja e acerola, suco natural (nectar), s/ acucar ;28;0.62;0.1;6.22;8.9;0;20.8;197;0.07;Liberado;0
Laranja e mamao, suco natural (nectar), c/ acucar refinado;58;0.54;0.08;13.7;6.78;0.03;15.3;54.7;1.2;proibido para menores 3 anos;2
Laranja e mamao, suco natural (nectar), s/ acucar ;29;0.58;0.08;6.38;7.06;0.03;16.6;59.4;0.27;Liberado;0
Laranja, baia, crua;45.44;0.98;0.1;11.47;35.41;0.14;4;56.87;0;Liberado;0
Laranja, baia, suco;36.65;0.65;0;8.7;5.93;0.06;4;94.48;0;Liberado;0
Laranja, da terra, crua;51.47;1.08;0.19;12.86;51.08;0.15;0;34.68;0.83;Liberado;0
Laranja, da terra, suco;40.96;0.67;0.14;9.57;13.39;0.09;5;44.32;0;Liberado;0
Laranja, lima, crua;45.7;1.06;0.08;11.53;31.47;0.12;0;43.46;1.11;Liberado;0
Laranja, lima, suco;39.34;0.71;0.12;9.17;7.74;0;0;41.3;0;Liberado;0
Laranja, mamao, pera e maca, suco natural (nectar), c/ acucar refinado;68;0.58;0.14;16.3;7.96;0.06;15.2;51.7;1.32;proibido para menores 3 anos;2
Laranja, mamao, pera e maca, suco natural (nectar), s/ acucar;39;0.61;0.16;9.16;8.34;0.06;16.5;56.1;0.39;Liberado;0
Laranja, pera, crua;36.77;1.04;0.13;8.95;21.89;0.09;2;53.73;0;Liberado;0
Laranja, pera, suco;32.71;0.74;0.07;7.55;7.37;0;0;73.34;0;Liberado;0
Laranja, Seleta, in natura, Citrus aurantium L.;52;0.83;0.36;12.8;34.8;0.14;2.96;55;1;Liberado;0
Laranja, valencia, crua;46.11;0.77;0.16;11.72;33.74;0.09;0;47.85;0.63;Liberado;0
Laranja, valencia, suco;36.2;0.48;0.12;8.55;9.08;0;0;0;0;Liberado;0
Lasanha, massa fresca, cozida;163.76;5.81;1.16;32.52;9.97;1.19;0;0;206.77;Liberado;0
Lasanha, massa fresca, crua;220.31;7.01;1.34;45.06;16.55;1.87;0;0;666.71;Liberado;0
Leite achocolatado diet;73.29;3.48;3.51;7.09;147.69;0.17;26.86;2.36;71.79;proibido para menores 3 anos;2
Leite de soja em po;408.33;32.85;13.22;42.13;182.41;8.94;0.61;2.64;1263.13;Liberado;0
Leite, condensado;312.57;7.67;6.74;57;246.27;0.13;52.95;2.14;94;proibido para menores 3 anos;2
Leite, de cabra;66.42;3.07;3.75;5.25;112.25;0.1;34.74;0;74;Liberado;0
Leite, de coco;166.16;1.01;18.36;2.19;5.85;0.46;0;0;44;Liberado;0
Leite, de vaca, achocolatado;82.82;2.1;2.17;14.16;69.79;0.46;38.94;3.26;72;proibido para menores 3 anos;2
Leite, de vaca, desnatado, po;361.61;34.69;0.93;53.04;1363.17;0.93;299.46;0;432;Liberado;0
Leite, de vaca, desnatado, UHT;37;3.12;0.4;5.14;133.81;0.08;10.9;0;51;Liberado;0
Leite, de vaca, integral;65;2.93;3.24;5.92;108;0.08;49.7;0;63.8;Liberado;0
Leite, de vaca, integral, po;496.65;25.42;26.9;39.18;890.27;0.52;361.06;0;323;Liberado;0
Leite, fermentado;69.62;1.89;0.1;15.67;71.53;0;0;0.49;33;proibido para menores 3 anos;2
Lentilha, crua;339.14;23.15;0.77;62;53.52;7.05;0;0;0;Liberado;0
Limao, cravo, suco;14.1;0.33;0;5.25;10.18;0.08;0;32.78;0;Liberado;0
Limao, galego, suco;22.23;0.57;0.07;7.32;5.26;0.05;2;34.5;0;Liberado;0
Limao, tahiti, cru;31.82;0.94;0.14;11.08;50.98;0.18;0;38.24;1.25;Liberado;0
Linguica (suina, bovina, mista, etc.) (crua);396;13.8;36.25;2.7;10;1.13;0;0;805;proibido para menores 3 anos;2
Linguica, calabresa, fininha, crua;256;18;20;1;6.94;1;0;0;840;proibido para menores 3 anos;2
Linguica, frango, crua;218.11;14.24;17.44;0;10.84;0.47;0;0;1126;proibido para menores 3 anos;2
Linguica, porco, crua;227.2;16.06;17.58;0;6.13;0.44;0;0;1176;proibido para menores 3 anos;2
Linhaca, semente;495.1;14.08;32.25;43.31;211.5;4.7;0;0;9;Liberado;0
Maca, Argentina, com casca, crua;62.53;0.23;0.25;16.59;3.39;0.05;4;1.49;1.32;Liberado;0
Maca, Fuji, com casca, crua;55.52;0.29;0;15.15;1.92;0.09;4;2.41;0;Liberado;0
Macarrao, trigo, cru;371.12;10;1.3;77.94;17.3;0.88;0;0;7.17;Liberado;0
Macarrao, trigo, cru, com ovos;370.57;10.32;1.97;76.62;19.45;0.92;0;0;14.74;Liberado;0
Macauba, crua;404.28;2.08;40.66;13.95;66.53;0.81;0;13.44;0.65;Liberado;0
Maionese, tradicional com ovos;302.15;0.58;30.5;7.9;3.48;0.1;8;0;787;Proibido;3
Mamao verde, doce em calda, drenado;209.38;0.32;0.1;57.64;12.44;0.15;0;0;4.74;proibido para menores 3 anos;2
Mamao, doce em calda, drenado;195.63;0.19;0.07;54;20.01;0.11;0;3.9;2.91;proibido para menores 3 anos;2
Mamao, Formosa, cru;45.34;0.82;0.12;11.55;24.87;0.23;78;78.53;3.26;Liberado;0
Mamao, Papaia, cru;40.16;0.46;0.12;10.44;22.42;0.19;77;82.21;1.63;Liberado;0
Mamao, suco natural (nectar), c/ acucar refinado ;42;0.3;0.13;10.4;9.33;0.12;70.1;40.2;1.83;proibido para menores 3 anos;2
Mamao, suco natural (nectar), s/ acucar;24;0.3;0.14;5.65;9.64;0.12;73.8;42.3;1.29;Liberado;0
Mandioca, crua;151.42;1.13;0.3;36.17;15.19;0.27;3;16.53;2.15;Liberado;0
Mandioca, farofa, temperada;405.69;2.06;9.12;80.3;65.69;1.36;0;0;574.51;Liberado;0
Manga, Haden, crua;63.5;0.41;0.26;16.66;11.66;0.1;0;17.41;0.55;Liberado;0
Manga, Palmer, crua;72.49;0.41;0.17;19.35;11.64;0.09;0;65.52;1.86;Liberado;0
Manga, polpa, congelada;48.31;0.38;0.23;12.52;7.12;0.09;0;24.9;6.73;Liberado;0
Manga, suco natural (nectar), c/ acucar refinado ;40;0.17;0.1;9.74;2.92;0.05;89.7;9.09;0.89;proibido para menores 3 anos;2
Manga, suco natural (nectar), s/ acucar;21;0.17;0.1;5.04;2.88;0.04;94.4;9.57;0.3;Liberado;0
Manga, Tommy Atkins, crua;50.69;0.86;0.22;12.77;7.64;0.08;100;7.94;0;Liberado;0
Mangaba;43;0.7;0.3;10.5;41;2.8;30;33;0;Liberado;0
Manjericao, cru;21.15;1.99;0.39;3.64;210.92;0.97;1035;2.34;3.89;Liberado;0
Manteiga, com sal;725.97;0.41;82.36;0.06;9.42;0.15;754;0;578.69;Liberado;0
Manteiga, sem sal;757.54;0.4;86.04;0;3.61;0;754;0;3.85;Liberado;0
Maracuja, cru;68.44;1.99;2.1;12.26;5.39;0.56;70;19.84;1.58;Liberado;0
Maracuja, polpa, congelada;38.76;0.81;0.18;9.6;4.61;0.29;78;7.26;8.1;Liberado;0
Maracuja, polpa, congelada;43;0.82;0.18;9.6;4.61;0.3;78;7.26;8.1;Liberado;0
Maracuja, suco concentrado, envasado;41.97;0.77;0.19;9.64;4.16;0.35;0;13.68;21.69;Liberado;0
Margarina com oleo hidrogenado, com sal (65% de lipideos);596;0;674;0;6;0.1;0;0;894;Proibido;3
Margarina, com oleo hidrogenado, sem sal (80% de lipideos);723;0;81.7;0;3;0.1;0;0;78;Proibido;3
Margarina, com oleo interesterificado, com sal (65%de lipideos);594.45;0;67.25;0;4.54;0;385.39;0;560.8;proibido para menores 3 anos;2
Margarina, com oleo interesterificado, sem sal (65% de lipideos);593.14;0;67.1;0;4.96;0.08;245.1;0;33.19;proibido para menores 3 anos;2
Maria mole;301.24;3.81;0.19;73.55;13.36;0.39;0;0;15;proibido para menores 3 anos;2
Maria mole, coco queimado;306.63;3.93;0.09;75.06;19.46;0.47;0;0;14;proibido para menores 3 anos;2
Marmelada;257.24;0.4;0.14;70.76;11.32;0.73;1;0;11;proibido para menores 3 anos;2
Massa, fresca, crua;278;10.8;3.93;51.3;117;2.63;0;0;1084;Liberado;0
Maxixe, cru;13.75;1.39;0.07;2.73;20.87;0.35;0;9.63;10.99;Liberado;0
Mel, de abelha;309.24;0;0;84.03;10.2;0.25;0;0.74;6;proibido para menores 3 anos;2
Melado;296.51;0;0;76.62;102.06;5.39;0;0;4;proibido para menores 3 anos;2
Melancia e acerola, suco natural (nectar), c/ acucar refinado;47;0.5;0.1;11.2;10.8;0.11;84.7;263;0.93;proibido para menores 3 anos;2
Melancia e acerola, suco natural (nectar), s/ acucar;22;0.52;0.11;4.86;11.3;0.1;90.9;283;0.13;Liberado;0
Melancia, crua;32.61;0.88;0;8.14;7.72;0.23;36.6;6.15;0;Liberado;0
Melao, cru;29.37;0.68;0;7.53;2.86;0.23;116;8.68;11.17;Liberado;0
Melao, suco natural (nectar), c/ acucar refinado;33;0.33;0.08;7.93;1.49;0.11;0.87;3.63;5.27;proibido para menores 3 anos;2
Melao, suco natural (nectar), s/ acucar;14;0.34;0.09;3.14;1.39;0.11;0.92;3.82;4.91;Liberado;0
Merluza, file, cru;89.13;16.61;2.02;0;20.4;0.19;0;0;79.5;Liberado;0
Mexerica, Murcote, crua;57.59;0.88;0.13;14.86;33.07;0.07;0;21.8;1.17;Liberado;0
Mexerica, Rio, crua;36.87;0.65;0.13;9.34;17.18;0.09;0;111.97;1.82;Liberado;0
Milho (em grao) cru;160.14;3.32;7.18;25.11;3.15;0.45;35;6.2;244.96;Liberado;0
Milho, amido, cru;361.37;0.6;0;87.15;1.06;0.13;0;0;8.08;Liberado;0
Milho, fuba, cru;353.48;7.21;1.9;78.87;2.67;0.85;0;0;0;Liberado;0
Milho, pipoca, graos cru;355;10.1;3.48;76.4;7.1;2.62;15.8;0;33.8;Liberado;0
Milho, verde, cru;138.17;6.59;0.61;28.56;1.61;0.41;41;0;1.12;Liberado;0
Milho, verde, enlatado, drenado;97.56;3.23;2.35;17.14;2.17;0.59;46;1.74;260.35;Limitado;1
Mingau tradicional, po;373.42;0.58;0.37;89.34;522.05;41.99;1533.24;0;14.86;Proibido;3
Mini pizza semi pronta (crua);252.49;10.17;8.22;33.73;166.42;2.22;27.21;1.93;444.42;Liberado;0
Moela de galinha ou frango;31.47;1.61;1.06;3.64;17;3.19;0;0;56;Liberado;0
Molho, mostarda;61;3.74;3.74;5.83;63;1.61;0;0.3;1104;Proibido;3
Molho, p/ salada, c/ salsa, suco de limao, azeite de oliva, c/ sal;328;1.6;33.2;6.33;95.1;1.63;414;35.1;528;Liberado;0
Molho, p/ salada, c/ salsa, vinagre de maca, azeite de oliva, c/ sal;320;1.29;33.1;4.66;80.6;1.64;412;22.5;529;Liberado;0
Molho, soja, shoyu;283;22.5;8.5;29.5;14.6;0.5;0;0;5025;Proibido;3
Morango, cru;30.15;0.89;0.31;6.82;10.9;0.32;3;63.6;0;Liberado;0
Morango, suco natural (nectar), c/ acucar refinado ;35;0.43;0.2;8.22;7.85;0.15;4.47;34.9;6.1;proibido para menores 3 anos;2
Morango, suco natural (nectar), s/ acucar ;17;0.46;0.22;3.58;8.41;0.16;4.89;38.2;6.01;Liberado;0
Mortadela;268.82;11.95;21.65;5.82;66.55;1.47;24.55;0;1212;proibido para menores 3 anos;2
Mostarda, folha, crua;18.11;2.11;0.17;3.24;68.18;1.1;907;38.55;2.88;Liberado;0
Nabo, cru;18.19;1.2;0.05;4.15;42.39;0.22;0;9.55;2.46;Liberado;0
Nata;195;2.7;19.31;3.66;96;0.04;178;0.8;40;Liberado;0
Nectarina;44;1.06;0.32;10.55;6;0.28;73.6;5.4;0;Liberado;0
Nespera, crua;42.54;0.31;0;11.53;19.69;0.15;0;3.16;0;Liberado;0
Noz, crua;620.06;13.97;59.36;18.36;105.31;2.04;12.4;0;5;Liberado;0
Nuggets de frango;273.02;16.24;15.63;15.91;9.85;1.36;4.22;0;704.38;proibido para menores 3 anos;2
oleo, algodao, Gossypium ssp;900;0;100;0;0;0;0;0;0;Liberado;0
oleo, de babacu;884;0;100;0;0;0;0;0;0;Liberado;0
oleo, de canola;884;0;100;0;0;0;0;0;0;Liberado;0
oleo, de girassol;884;0;100;0;0;0;0;0;0;Liberado;0
oleo, de milho;884;0;100;0;0;0;0;0;0;Liberado;0
oleo, de pequi;884;0;100;0;0;0;0;0;0;Liberado;0
oleo, de soja;884;0;100;0;0;0;0;0;0;Liberado;0
Oregano;306;11;10.25;64.43;1576;44;345.17;50;15;Liberado;0
Ovo, de codorna, inteiro, cru;176.89;13.69;12.68;0.77;78.73;3.35;305.17;0;129;Liberado;0
Ovo, de galinha, inteiro, cru;143.11;13.03;8.9;1.64;42.02;1.56;78.83;0;168;Liberado;0
Ovo, galinha, clara, desidratada, pasteurizada;346;78;0.35;7.66;38.9;0.49;0;0;1125;Liberado;0
Ovo, galinha, gema, desidratada, pasteurizada;638;30;54;8;287;9.47;436;0;148;Liberado;0
Ovo, galinha, integral, desidratada, pasteurizada;554;44;38;9;166;6.16;0;0;661;Liberado;0
Pacoca, amendoim;486.93;16;26.08;52.38;22.48;1.13;2;0;167;proibido para menores 3 anos;2
Palma;41.95;1.35;3.1;3.28;164;0.5;0;5.3;20;Liberado;0
Palmito in natura cru ;28;2.52;0.62;4.62;58;3.13;0;7.9;426;Liberado;0
Palmito, jucara, em conserva;23.2;1.79;0.4;4.33;58.29;0.3;0;1.98;513.82;Limitado;1
Palmito, pupunha, em conserva;29.43;2.46;0.45;5.51;32.44;0.18;0;8.66;562.69;Limitado;1
Pamonha;171;2.6;4.8;30.7;4;0.4;0;0;132;Liberado;0
Pamonha, barra para cozimento, pre-cozida;171;2.6;4.8;30.7;4;0.4;0;0;132;Liberado;0
Pao de hamburguer ;279;9.5;4.33;49.45;138;3.32;0;0;479;proibido para menores 3 anos;2
Pao de queijo pronto para o consumo;363;5.1;24.6;34.2;102;0.3;61;0;773;Limitado;1
Pao doce;355.23;5.15;13.08;55.83;32.49;2.09;95.85;0.05;207.79;proibido para menores 3 anos;2
Pao, aveia, forma;343.09;12.35;5.69;59.57;108.69;4.73;0;0;605.76;proibido para menores 3 anos;2
Pao, de queijo, assado;363;5.1;24.6;34.2;102;0.3;0;0;773;Limitado;1
Pao, de soja;308.73;11.34;3.58;56.51;90.24;3.33;0;0;662.54;Limitado;1
Pao, gluten, forma;252.99;11.95;2.73;44.12;155.72;5.71;0;0;22.05;proibido para menores 3 anos;2
Pao, milho, forma;292.01;8.3;3.11;56.4;77.85;3.04;0;0;506.64;proibido para menores 3 anos;2
Pao, trigo, forma, integral;253.19;9.43;3.65;49.94;131.76;2.99;0;0;506.1;proibido para menores 3 anos;2
Pao, trigo, frances;299.81;7.95;3.1;58.65;15.75;1;2.99;0;647.67;Limitado;1
Pao, trigo, sovado;310.96;8.4;2.84;61.45;51.62;2.27;0;0;430.79;Limitado;1
Pao, trigo/centeio, preto, forma;250;10.1;2.71;49.1;130;2.93;0;0;497;proibido para menores 3 anos;2
Pastel (queijo, carne, palmito, etc.);319.81;10.38;15.68;33.51;18.34;2.48;19.18;1.19;413.2;proibido para menores 3 anos;2
Pastel, massa crua;310;6.9;5.5;57.4;13;1.1;0;0;1344;proibido para menores 3 anos;2
Pate (figado, calabresa, frango, presunto, etc.);326;14.1;28.5;2.2;26;6.4;8300;0;860;proibido para menores 3 anos;2
Pe-de-moleque, amendoim;503.19;13.16;28.05;54.73;27.11;1.26;0;0;16;proibido para menores 3 anos;2
Peixe, agua doce, tilapia, file, cru, Oreochromis niloticus;94;18.2;2.31;0.01;10;0.56;0;0;52;Liberado;0
Peixe, agua salgada, sardinha, conserva, c/ molho de tomate ;140;18.8;7.12;0.05;450;3.6;0;0;163;proibido para menores 3 anos;2
Pepino, cru;9.53;0.87;0;2.04;9.62;0.15;4;4.99;0;Liberado;0
Pequi, cru;204.97;2.34;17.97;12.97;32.44;0.27;0;8.28;0;Liberado;0
Pera, Park, crua;60.59;0.24;0.23;16.07;8.71;0.32;0;2.36;0.98;Liberado;0
Pera, Williams, crua;53.31;0.57;0.11;14.02;8.28;0.09;0;2.83;0;Liberado;0
Peru, congelado, cru;93.72;18.08;1.83;0;9.88;0.87;0;0;711;Liberado;0
Pescada, branca, crua;110.88;16.26;4.59;0;15.74;0.16;3;0;76.17;Liberado;0
Pescada, file, cru;107.21;16.65;4;0;13.55;0.17;47.86;0;77.5;Liberado;0
Pescadinha, crua;76.41;15.48;1.14;0;331.6;0.55;0;0;120.34;Liberado;0
Pessego, Aurora, cru;36.33;0.83;0;9.32;3.23;0.22;0;3.25;0;Liberado;0
Pessego, enlatado, em calda;63.14;0.71;0;16.88;4.1;0.6;38;0;3.2;proibido para menores 3 anos;2
Pimenta em po;255;10.95;3.26;64.81;437;28.86;15;21;44;Liberado;0
Pimentao, amarelo, cru;27.93;1.22;0.44;5.96;9.61;0.41;33;201.36;0;Liberado;0
Pimentao, verde, cru;21.29;1.05;0.15;4.89;8.76;0.41;38;100.21;0;Liberado;0
Pimentao, vermelho, cru;23.28;1.04;0.15;5.47;6.37;0.33;68;158.21;0;Liberado;0
Pinha, crua;88.47;1.49;0.32;22.45;20.88;0.21;0;35.9;1.34;Liberado;0
Pinhao;174.35;2.98;0.75;43.92;15.77;0.76;3;27.69;0.86;Liberado;0
Pintado, assado;191.56;36.45;3.98;0;113.54;0.78;7;0;81;Liberado;0
Pintado, cru;91.08;18.56;1.31;0;12;0.22;0;0;43;Liberado;0
Pipoca doce ou salgada;468.15;6.59;23.28;62.51;8.66;1.37;17.42;0;505.54;proibido para menores 3 anos;2
Pirulito;394;0;0.2;98;3;0.3;0;0;38;Proibido;3
Pitanga, crua;41.42;0.93;0.17;10.24;17.88;0.4;164;24.87;1.7;Liberado;0
Pitanga, polpa, congelada;19.11;0.29;0.12;4.76;7.8;0.37;146;0;5.03;Liberado;0
Pitanga, polpa, congelada ;20;0.29;0.13;4.76;7.8;0.38;146;0;5.03;Liberado;0
Polenta, pre-cozida;103;2.3;0.3;23.3;1;0;0;0;442;Liberado;0
Polvilho, doce;351.23;0.43;0;86.77;27.41;0.51;0;0;1.58;Liberado;0
Porco, bisteca, crua;164.12;21.5;8.02;0;6.11;0.53;0;0;54;Liberado;0
Porco, bisteca, frita;311.17;33.75;18.52;0;69.15;0.82;10;0;63;Liberado;0
Porco, costela, crua;255.61;18;19.82;0;14.53;0.9;0;0;88;Liberado;0
Porco, lombo, cru;175.63;22.6;8.77;0;4.16;0.47;0;0;53;Liberado;0
Porco, orelha, salgada, crua;258.49;18.52;19.89;0;5.44;1.41;0;0;616;Limitado;1
Porco, pernil, cru;186.06;20.13;11.1;0;12.94;0.89;0;0;102;Liberado;0
Porco, rabo, salgado, cru;377.42;15.58;34.47;0;21.63;0.62;0;0;1158;Limitado;1
Porquinho, cru;93.02;20.49;0.61;0;25.88;0.39;4.65;0;67;Liberado;0
Presunto, com capa de gordura;127.85;14.37;6.77;1.4;12.48;0.68;0;0;1021;proibido para menores 3 anos;2
Presunto, sem capa de gordura;93.74;14.29;2.71;2.15;23.27;0.83;0;0;1039;proibido para menores 3 anos;2
Pudim, mistura p/, diet (media diferentes sabores);364;1.75;0.89;87.1;49.8;0.06;0;0;1794;Proibido;3
Pudim, po, mistura p/, (media diferentes sabores);385;2.65;1.02;91.9;5.01;0.09;0;0;637;Proibido;3
Queijo colonial;302;25.96;20.03;3.83;731;0.25;133;0;528;Liberado;0
Queijo de coalho;373;24.48;30.28;0.68;746;0.72;192;0;536;Liberado;0
Queijo ralado;431;38.46;28.61;4.06;1109;0.9;117;0;1529;Liberado;0
Queijo, minas, frescal;264.27;17.41;20.18;3.24;579.25;0.93;160.51;0;31;Liberado;0
Queijo, minas, meia cura;320.72;21.21;24.61;3.57;695.92;0.22;111.33;0;501;Liberado;0
Queijo, mozarela;329.87;22.65;25.18;3.05;875.04;0.31;109;0;581;Liberado;0
Queijo, parmesao;452.96;35.55;33.53;1.66;991.97;0.53;66.15;0;1844;Liberado;0
Queijo, pasteurizado;303.08;9.36;27.44;5.68;323.3;0.27;57.31;0;78;Liberado;0
Queijo, petit suisse, morango;121;5.8;2.8;18.5;731;0.1;273;0;412;proibido para menores 3 anos;2
Queijo, prato;359.88;22.66;29.11;1.88;939.99;0.28;122.67;0;580;Liberado;0
Queijo, requeijao, cremoso;256.58;9.63;23.44;2.43;259.47;0.12;194.59;0;558;Liberado;0
Queijo, ricota;139.73;12.6;8.11;3.79;253.24;0.14;52.85;0;283;Liberado;0
Quiabo, cru;29.94;1.92;0.3;6.37;112.16;0.37;0;5.6;0.89;Liberado;0
Quindim;411.35;4.74;24.43;46.3;37.18;1.38;110706;0;27;proibido para menores 3 anos;2
Quinoa, crua;354;14.2;6.07;64.2;47;4.57;0;0;5;Liberado;0
Quirera nao especificada;62.95;1.24;0.31;13.5;3.37;0.74;1.83;0;5.01;Liberado;0
Rabanete, cru;13.74;1.39;0.07;2.73;20.87;0.35;1;9.63;10.99;Liberado;0
Rapadura;351.96;0.99;0.07;90.79;30.49;4.44;0;0;22;proibido para menores 3 anos;2
Repolho, branco, cru;17.12;0.88;0.14;3.86;34.55;0.15;13.3;18.72;3.64;Liberado;0
Repolho, roxo, cru;30.91;1.91;0.06;7.2;43.67;0.52;4;43.2;2.34;Liberado;0
Roma, crua;55.74;0.4;0;15.11;4.75;0.26;0;8.12;0.59;Liberado;0
Rucula, crua;13.13;1.77;0.11;2.22;116.56;0.94;69167;46.29;9.42;Liberado;0
Sagu, mistura p/, preparada, (media diferentes sabores) ;123;0;0;30.6;6.88;0.55;0;0;0.35;Proibido;3
Sal, dietetico;0;0;0;0;0;0;0;0;23432;Liberado;0
Sal, grosso;0;0;0;0;0;0;0;0;39943;Liberado;0
Salame;397.84;25.81;30.64;2.91;87.02;1.25;0;0;1574;proibido para menores 3 anos;2
Salmao, sem pele, fresco, cru;169.78;19.25;9.71;0;8.75;0.24;35;0;64;Liberado;0
Salsa, crua;33.42;3.26;0.61;5.71;179.41;3.18;1743;51.69;2.3;Liberado;0
Salsicha em conserva;269.08;8.3;25.81;0.27;17.1;0.58;1.44;0;752.81;proibido para menores 3 anos;2
Salsicha no varejo crua;321.05;9.72;29.51;3.61;16.49;0.81;12.99;0;1174.71;proibido para menores 3 anos;2
Salsinha;36;2.98;0.79;6.34;138;6.2;520;133;56;Liberado;0
Salsinha seca;276;22.4;4.42;51.7;1467;97.9;2334;122;452;Liberado;0
Sapoti;96;0.7;0.1;25.9;29;1.2;4;13;0;Liberado;0
Sardinha, conserva em oleo;284.98;15.94;24.05;0;550.24;3.54;0;0;666;Limitado;1
Sardinha, inteira, crua;113.9;21.08;2.65;0;167.33;1.34;0;0;60;Liberado;0
Seleta de legumes, enlatada;56.53;3.42;0.35;12.67;16.16;1.06;0;0;398.14;Limitado;1
Serralha, crua;30.4;2.67;0.74;4.95;126.02;1.27;0;1.51;19.35;Liberado;0
Shoyu;60.93;3.31;0.33;11.65;14.53;0.5;0;0;5064;Proibido;3
Soja, extrato soluvel, natural, fluido;39.1;2.38;1.61;4.28;16.52;0.43;0;0;57;Liberado;0
Soja, extrato soluvel, po;458.9;35.69;26.18;28.48;359.04;7.01;0;9.21;83;Liberado;0
Soja, farinha;403.96;36.03;14.63;38.44;206.02;13.06;0;0;6;Liberado;0
Soja, queijo (tofu);64.49;6.55;3.95;2.13;80.76;1.43;0;0;1;Liberado;0
Sonho;378.79;6.02;18.25;48.08;40.17;1.94;34.34;0.05;132.89;proibido para menores 3 anos;2
Sopa desidratada (media diferentes sabores);348;11.7;5.3;63.4;55.1;2.45;6.51;0;3645;Proibido;3
Sopa, desidratada, (media diferentes sabores) ;348;11.7;5.3;63.4;55.1;2.45;6.51;0;3645;Proibido;3
Sorvete de qualquer sabor industrializado;206;3.6;11;25.13;121.67;0.37;116;0.63;78.67;proibido para menores 3 anos;2
Taioba, crua;34.21;2.9;0.93;5.43;141.09;1.91;1159;17.94;1.16;Liberado;0
Tamarindo, cru;275.7;3.21;0.46;72.53;37.1;0.55;3;7.25;0.36;Liberado;0
Tangerina, Ponca, crua;37.83;0.85;0.07;9.61;12.89;0.11;0;48.82;0;Liberado;0
Tangerina, Ponca, suco;36.11;0.52;0;8.8;4.28;0;0;41.75;0;Liberado;0
Tapereba;70;0.8;2.1;13.8;26;2.2;23;28;0;Liberado;0
Tempero a base de sal;21;2.7;0.3;2.1;0;0;0;0;32560;Proibido;3
Tomate seco;213;5.06;14.08;23.33;47;2.68;64.33;101.8;266;Liberado;0
Tomate, com semente, cru;15.34;1.1;0.17;3.14;6.94;0.24;103;21.21;1.02;Liberado;0
Tomate, extrato;60.93;2.43;0.19;14.96;29.08;2.09;144;18.01;497.93;Liberado;0
Tomate, molho industrializado;38.45;1.38;0.9;7.71;11.73;1.58;76;2.71;418.28;Proibido;3
Tomate, pure;27.94;1.36;0;6.89;13.24;1.25;0;5.38;103.93;Liberado;0
Tomate, salada;20.55;0.81;0;5.12;6.95;0.29;0;12.8;5.24;Liberado;0
Torrada, pao frances ;364;10.6;3.31;74.6;18.8;1.24;0;0;830;Limitado;1
Torrada, trigo, tradicional;396;11.5;6.4;73.6;19.4;5.76;0;0;913;proibido para menores 3 anos;2
Torrada, trigo, tradicional ;396;11.5;6.4;73.6;19.4;5.76;0;0;9.13;proibido para menores 3 anos;2
Tortas salgadas de qualquer sabor;249.55;3.87;9.86;38.4;17.95;1.17;45.79;3.52;161.34;Liberado;0
Toucinho, cru;592.53;11.48;60.26;0;2.39;0.44;0;0;50;Liberado;0
Tremoco, cru;381.28;33.58;10.34;43.79;176.75;2.79;0;24.97;3;Liberado;0
Tremoco, em conserva;120.64;11.11;3.78;12.39;15.54;0.34;0;0;1809;Limitado;1
Trigo para quibe, cru, Triticum spp.;336;12.3;1.33;74.9;35;2.46;0;0;17;Liberado;0
Trigo, farelo;370;17.5;4.74;64.3;74.4;10.8;0;0;2.04;Liberado;0
Tucuma, cru;262.02;2.09;19.08;26.47;46.34;0.57;2363;17.99;3.89;Liberado;0
Tucunare, file, congelado, cru;87.69;17.96;1.22;0;19.22;0.27;0;0;57;Liberado;0
Umbu, cru;37.02;0.84;0;9.4;11.56;0.09;0;24.06;0;Liberado;0
Umbu, polpa, congelada;33.94;0.51;0.07;8.79;10.71;0.21;0;3.95;5.77;Liberado;0
Umbu, polpa, congelada;35;0.52;0.08;8.86;10.8;0.21;0;3.96;5.78;Liberado;0
Uva passa;299;3.07;0.46;79.18;50;1.88;0.8;2.3;11;Liberado;0
Uva, Italia, crua;52.87;0.75;0.2;13.57;6.66;0.14;7.3;3.29;0;Liberado;0
Uva, Rubi, crua;49.06;0.61;0.16;12.7;7.62;0.17;0;1.86;7.92;Liberado;0
Uva, suco concentrado, envasado;57.66;0;0;14.71;9.32;0.12;0;20.97;9.58;Liberado;0
Vagem, crua;24.9;1.79;0.17;5.35;41.1;0.43;32;1.15;0;Liberado;0
Vinagre, maca;25;0;0;6.02;7;0.2;0;0;5;Liberado;0
Viscera bovina;191;29.08;5.26;5.13;6;6.54;9428;1.9;79;Liberado;0
Xerem de milho;62.95;1.24;0.31;13.5;3.37;0.74;1.83;0;5.01;Liberado;0
